colonia,Calle,Num Cas,CP,Estado,Full Address,Latitude,Longitude
UNIDAD HABITACIONAL FOVISSSTE ESTADIO,LISBOA,28,44307,Guadalajara,UNIDAD HABITACIONAL FOVISSSTE ESTADIO LISBOA 28 44307 Guadalajara ,20.7105563,-103.3247998
INDEPENDENCIA,ROGELIO BACON,2280,44290,Guadalajara,INDEPENDENCIA ROGELIO BACON 2280 44290 Guadalajara ,20.7049193,-103.3331843
BOSQUES DE LA CANTERA,PRIV OPALO,17,44306,Guadalajara,BOSQUES DE LA CANTERA PRIV OPALO 17 44306 Guadalajara ,20.7155528,-103.3156425
JARDINES DE LOS POETAS,JOSE FERNANDEZ,3365,44820,Guadalajara,JARDINES DE LOS POETAS JOSE FERNANDEZ 3365 44820 Guadalajara ,20.6489047,-103.2930635
LOMAS DEL GALLO,FERNANDO SOLIS,1338,44760,Guadalajara,LOMAS DEL GALLO FERNANDO SOLIS 1338 44760 Guadalajara ,20.6791063,-103.2705275
BATALLON SAN PATRICIO,CALZADA INDEPEN,503,44300,Guadalajara,BATALLON SAN PATRICIO CALZADA INDEPEN 503 44300 Guadalajara ,20.6856138,-103.336462
TETLAN,GIGANTES,108,44820,Guadalajara,TETLAN GIGANTES 108 44820 Guadalajara ,20.6620349,-103.2728412
MODERNA,AV ESPANA,1092,44190,Guadalajara,MODERNA AV ESPANA 1092 44190 Guadalajara ,20.6592017,-103.3525373
RINCONADA DE HUENTITAN,JUAN CARRASCO,5234,44250,Guadalajara,RINCONADA DE HUENTITAN JUAN CARRASCO 5234 44250 Guadalajara ,20.7334817,-103.3218215
GENERAL REAL,MARCONI,17,44400,Guadalajara,GENERAL REAL MARCONI 17 44400 Guadalajara ,20.6682224,-103.3241833
MARAVILLA,HACIENDA DE GUA,1124,44700,Guadalajara,MARAVILLA HACIENDA DE GUA 1124 44700 Guadalajara ,20.7015623,-103.3068101
BARRIO ANALCO,ABASOLO,147,44450,Guadalajara,BARRIO ANALCO ABASOLO 147 44450 Guadalajara ,20.6696675,-103.3354279
BEATRIZ HERNANDEZ,MARGARITA GUTIE,3497,44760,Guadalajara,BEATRIZ HERNANDEZ MARGARITA GUTIE 3497 44760 Guadalajara ,20.6814629,-103.2848051
SAN ANDRES,GOMEZ FARIAS,2319,44810,Guadalajara,SAN ANDRES GOMEZ FARIAS 2319 44810 Guadalajara ,20.6625755,-103.3068388
LADRON DE GUEVARA,AVENIDA MEXICO,2582,44600,Guadalajara,LADRON DE GUEVARA AVENIDA MEXICO 2582 44600 Guadalajara ,20.6800329,-103.3822859
OBLATOS PONIENTE,HACIENDA DE LAS,2299,44700,Guadalajara,OBLATOS PONIENTE HACIENDA DE LAS 2299 44700 Guadalajara ,20.6958496,-103.2980962
LOMAS DEL PARADERO,LUIS QUINTANAR,746,44840,Guadalajara,LOMAS DEL PARADERO LUIS QUINTANAR 746 44840 Guadalajara ,20.6501203,-103.3200361
LA PERLA,PEDRO LANDAZURI,733,44360,Guadalajara,LA PERLA PEDRO LANDAZURI 733 44360 Guadalajara ,20.6828464,-103.3325044
AMERICANA,MEXICALLTZINGO,1944,44160,Guadalajara,AMERICANA MEXICALLTZINGO 1944 44160 Guadalajara ,20.6685168,-103.3674029
HERMOSA PROVIN ZO TE,ARQUIMIDES,630,44770,Guadalajara,HERMOSA PROVIN ZO TE ARQUIMIDES 630 44770 Guadalajara ,20.6710634,-103.2859073
BLANCO Y CUELLAR,EMILIO RABAZA,2132,44730,Guadalajara,BLANCO Y CUELLAR EMILIO RABAZA 2132 44730 Guadalajara ,20.6795279,-103.3046447
PENAL,PEDRO CELESTINO,482,44730,Guadalajara,PENAL PEDRO CELESTINO 482 44730 Guadalajara ,20.6731521,-103.3081996
GARIBAY,DAMASCO,785,44750,Guadalajara,GARIBAY DAMASCO 785 44750 Guadalajara ,20.6736568,-103.295105
BALCONES DE OBLATOS,HACIENDA DEL CA,2275,44720,Guadalajara,BALCONES DE OBLATOS HACIENDA DEL CA 2275 44720 Guadalajara ,20.7051066,-103.2950034
HOGARES GUADALAJARA,CIRCUNVALACION,258,44340,Guadalajara,HOGARES GUADALAJARA CIRCUNVALACION 258 44340 Guadalajara ,20.689097,-103.3284089
HELIODORO HERNANDEZ,CELIA PACHECO,3713,44720,Guadalajara,HELIODORO HERNANDEZ CELIA PACHECO 3713 44720 Guadalajara ,20.6963895,-103.2787599
OBLATOS,AV JUAN PABLO L,3165,44700,Guadalajara,OBLATOS AV JUAN PABLO L 3165 44700 Guadalajara ,20.6747187,-103.3255216
SANTA ELENA,ASTURIAS,1581,44230,Guadalajara,SANTA ELENA ASTURIAS 1581 44230 Guadalajara ,20.714497,-103.3376018
OBREROS D L CONSTRUC,ABEDUL,274,44900,Guadalajara,OBREROS D L CONSTRUC ABEDUL 274 44900 Guadalajara ,20.6546669,-103.364757
SANTA MARIA,SAN MATEO,1407,44350,Guadalajara,SANTA MARIA SAN MATEO 1407 44350 Guadalajara ,20.6879833,-103.3157372
EL MANANTIAL S REFOR,AVDE LA PATRIA,202,44470,Guadalajara,EL MANANTIAL S REFOR AVDE LA PATRIA 202 44470 Guadalajara ,20.6214296,-103.3421008
OBLATOS PONIENTE,JUAN PABLO II,3165,44700,Guadalajara,OBLATOS PONIENTE JUAN PABLO II 3165 44700 Guadalajara ,20.7017889,-103.2867249
PANORAMICA HUENTITAN,CALZADA,4500,44259,Guadalajara,PANORAMICA HUENTITAN CALZADA 4500 44259 Guadalajara ,20.7365162,-103.3103647
HUENTITAN EL BAJO,VOLCAN MAIPO,340,44250,Guadalajara,HUENTITAN EL BAJO VOLCAN MAIPO 340 44250 Guadalajara ,20.7418207,-103.3153473
MORELOS,PELICANO,1272,44910,Guadalajara,MORELOS PELICANO 1272 44910 Guadalajara ,20.6508209,-103.361163
LAGOS D OTE ZONA TET,LICURGO,336,44770,Guadalajara,LAGOS D OTE ZONA TET LICURGO 336 44770 Guadalajara ,20.6727086,-103.2764487
JARDINES DE LA CRUZ,ISLA ASENCION,3108,44950,Guadalajara,JARDINES DE LA CRUZ ISLA ASENCION 3108 44950 Guadalajara ,20.6375951,-103.3810856
SANTA TERESITA,ALFREDO CHAVERO,16,44600,Guadalajara,SANTA TERESITA ALFREDO CHAVERO 16 44600 Guadalajara ,20.6838338,-103.3687321
MIRAVALLE II,HERMENEGILDO BU,4308,44990,Guadalajara,MIRAVALLE II HERMENEGILDO BU 4308 44990 Guadalajara ,20.6155632,-103.3466663
PROGRESO,FRANCISCO SARAB,235,44730,Guadalajara,PROGRESO FRANCISCO SARAB 235 44730 Guadalajara ,21.1947856,-86.8427398
ARANDAS,HACIENDA LA ERR,1877,44720,Guadalajara,ARANDAS HACIENDA LA ERR 1877 44720 Guadalajara ,20.6886638,-103.2887465
VALENTIN GOMEZ FARIA,CANUTO ELIAS,3414,44977,Guadalajara,VALENTIN GOMEZ FARIA CANUTO ELIAS 3414 44977 Guadalajara ,20.6191343,-103.3630249
EL CENTRO,JUAREZ,400,44100,Guadalajara,EL CENTRO JUAREZ 400 44100 Guadalajara ,20.6752833,-103.3487526
ARTESANOS,INDEPENDENCIA,919,44200,Guadalajara,ARTESANOS INDEPENDENCIA 919 44200 Guadalajara ,20.6908808,-103.352231
MARAVILLA,MESA DEL NORTE,1272,44700,Guadalajara,MARAVILLA MESA DEL NORTE 1272 44700 Guadalajara ,20.6995569,-103.304327
POLANQUITO,MIGUEL MACIAS,3653,44969,Guadalajara,POLANQUITO MIGUEL MACIAS 3653 44969 Guadalajara ,20.6183844,-103.3720127
MIRAVALLE II,PEDRO PATINO,643,44990,Guadalajara,MIRAVALLE II PEDRO PATINO 643 44990 Guadalajara ,20.6072553,-103.350488
GUADALUPANA,CELEDONIO PADIL,2162,44220,Guadalajara,GUADALUPANA CELEDONIO PADIL 2162 44220 Guadalajara ,20.7099659,-103.3553481
RANCHO NUEVO,DOMINGO RAMIRE,1150,44240,Guadalajara,RANCHO NUEVO DOMINGO RAMIRE 1150 44240 Guadalajara ,20.7209179,-103.331296
EL MIRADOR,EMILIANO ZAPATA,780,44370,Guadalajara,EL MIRADOR EMILIANO ZAPATA 780 44370 Guadalajara ,20.6848779,-103.3233174
JARDINES DE LA CRUZ,ISLA MADAGASCAR,3111,44950,Guadalajara,JARDINES DE LA CRUZ ISLA MADAGASCAR 3111 44950 Guadalajara ,20.6386379,-103.3861274
LOMAS DEL PRADERO,AV PRESIDENTE,2235,44840,Guadalajara,LOMAS DEL PRADERO AV PRESIDENTE 2235 44840 Guadalajara ,20.6471994,-103.3132516
18 DE MARZO,FAJA DE ORO,1783,44960,Guadalajara,18 DE MARZO FAJA DE ORO 1783 44960 Guadalajara ,20.6350171,-103.3781856
LA AURORA,JARDINES DE BAB,20,44790,Guadalajara,LA AURORA JARDINES DE BAB 20 44790 Guadalajara ,20.6615108,-103.2837726
VILLAS DE GADALUPE,AV PATRIA,4177,44720,Guadalajara,VILLAS DE GADALUPE AV PATRIA 4177 44720 Guadalajara ,20.6849705,-103.2719779
BEATRIZ HERNANDEZ,GAZA,1333,44760,Guadalajara,BEATRIZ HERNANDEZ GAZA 1333 44760 Guadalajara ,20.6810198,-103.2866783
UNIDAD BELISARIO DOM,JOSE LUIS MORA,1212,44329,Guadalajara,UNIDAD BELISARIO DOM JOSE LUIS MORA 1212 44329 Guadalajara ,20.6847872,-103.3218364
LOS ALMENDROS,ANTONIO GARCIA,3912,44240,Guadalajara,LOS ALMENDROS ANTONIO GARCIA 3912 44240 Guadalajara ,20.7146579,-103.3292435
RESIDENCIAL LA CRUZ,ISLA ABACO,3086,44950,Guadalajara,RESIDENCIAL LA CRUZ ISLA ABACO 3086 44950 Guadalajara ,20.6372977,-103.3783132
INDEPENDENCIA PTE,ROGELIO BACON,1676,44290,Guadalajara,INDEPENDENCIA PTE ROGELIO BACON 1676 44290 Guadalajara ,20.7036935,-103.3333151
SANTA ROSA,MELQUIADES CAMP,2289,44700,Guadalajara,SANTA ROSA MELQUIADES CAMP 2289 44700 Guadalajara ,20.700341,-103.3060345
LA AURORA,SALVADOR LOPEZ,1750,44790,Guadalajara,LA AURORA SALVADOR LOPEZ 1750 44790 Guadalajara ,20.6615108,-103.2837726
SAN VICENTE,MONTES MARCIANO,2173,44330,Guadalajara,SAN VICENTE MONTES MARCIANO 2173 44330 Guadalajara ,20.7037749,-103.3160088
MIRAVALLE,JOSE JARAMILLO,526,44990,Guadalajara,MIRAVALLE JOSE JARAMILLO 526 44990 Guadalajara ,20.6155611,-103.3527505
PARQUE INDUST EL ALA,FUNDICION,2131,44490,Guadalajara,PARQUE INDUST EL ALA FUNDICION 2131 44490 Guadalajara ,20.6255231,-103.3340945
1RO DE MAYO 1A SECCIÓN,CARLOS A CARRIL,527,44970,Guadalajara,1RO DE MAYO 1A SECCIÓN CARLOS A CARRIL 527 44970 Guadalajara ,20.6225824,-103.3572848
BALCONES DE OBLATOS,ROSA RODRIGUEZ,3876,44720,Guadalajara,BALCONES DE OBLATOS ROSA RODRIGUEZ 3876 44720 Guadalajara ,20.6951433,-103.2768884
LOMAS DE POLANCO,RAMON ALCORTA,1597,44960,Guadalajara,LOMAS DE POLANCO RAMON ALCORTA 1597 44960 Guadalajara ,20.6305683,-103.3687218
CIRCUNVAL VALLARTA,REFORMA,2749,44680,Guadalajara,CIRCUNVAL VALLARTA REFORMA 2749 44680 Guadalajara ,20.6809709,-103.3854452
JARDINES DE LA PAZ,TEJEDORES,569,44860,Guadalajara,JARDINES DE LA PAZ TEJEDORES 569 44860 Guadalajara ,20.6474171,-103.3072189
SAN MARCOS,CANTERA,819,44330,Guadalajara,SAN MARCOS CANTERA 819 44330 Guadalajara ,20.6966917,-103.3150026
ELECTRICISTAS,RAMOS ARIZPE,451,44810,Guadalajara,ELECTRICISTAS RAMOS ARIZPE 451 44810 Guadalajara ,20.6537525,-103.3106215
LADRON DE GUEVARA,FRAY LUIS DE PA,443,44600,Guadalajara,LADRON DE GUEVARA FRAY LUIS DE PA 443 44600 Guadalajara ,20.6769383,-103.3717253
LA LOMA,LUIS PAEZ BROTC,1574,44410,Guadalajara,LA LOMA LUIS PAEZ BROTC 1574 44410 Guadalajara ,20.6608715,-103.3222651
BENITO JUAREZ,JUAN MANUEL RUV,1992,45199,Guadalajara,BENITO JUAREZ JUAN MANUEL RUV 1992 45199 Guadalajara ,20.7349255,-103.3399585
GENERAL REAL,PENSADOR MEXICA,1070,44400,Guadalajara,GENERAL REAL PENSADOR MEXICA 1070 44400 Guadalajara ,20.665244,-103.3312763
LOMAS DL PARAISO 1,RAFAEL CARDENAS,290,44250,Guadalajara,LOMAS DL PARAISO 1 RAFAEL CARDENAS 290 44250 Guadalajara ,20.7247171,-103.3184287
DIVISION DEL NORTE,TERUEL,3693,44230,Guadalajara,DIVISION DEL NORTE TERUEL 3693 44230 Guadalajara ,20.7340399,-103.3563377
RINCONADA DE HUENTITAN,JOSE MARIA CANA,5128,44250,Guadalajara,RINCONADA DE HUENTITAN JOSE MARIA CANA 5128 44250 Guadalajara ,20.7241389,-103.3199847
JARDINES DE STA ISAB,STA MARTHA,3165,44300,Guadalajara,JARDINES DE STA ISAB STA MARTHA 3165 44300 Guadalajara ,20.7147766,-103.3136012
JARDINES DEL NILO,HERNANDO ALVARA,3254,44860,Guadalajara,JARDINES DEL NILO HERNANDO ALVARA 3254 44860 Guadalajara ,20.6436443,-103.2935933
OBLATOS PONIENTE,HACIENDA DE TAL,2191,44700,Guadalajara,OBLATOS PONIENTE HACIENDA DE TAL 2191 44700 Guadalajara ,20.6958496,-103.2980962
MEZQUITAN COUNTRY,DIAGONAL NAJERA,1876,44260,Guadalajara,MEZQUITAN COUNTRY DIAGONAL NAJERA 1876 44260 Guadalajara ,20.6923623,-103.3656108
RINCONADA DEL BOSQUE,AV ECONOMOS,6951,44510,Guadalajara,RINCONADA DEL BOSQUE AV ECONOMOS 6951 44510 Guadalajara ,20.6635442,-103.448633
TETLAN,JOSE RAMOS,4342,44820,Guadalajara,TETLAN JOSE RAMOS 4342 44820 Guadalajara ,20.6607945,-103.2718488
HERMOSA PROVIN ZO TE,TELEFONISTAS,3331,44770,Guadalajara,HERMOSA PROVIN ZO TE TELEFONISTAS 3331 44770 Guadalajara ,20.6684351,-103.2856733
ARTESANOS,GENERAL EULOGIO,712,44200,Guadalajara,ARTESANOS GENERAL EULOGIO 712 44200 Guadalajara ,20.6868335,-103.3572848
COUNTRY CLUB,AV JORGE ALVARE,1535,44610,Guadalajara,COUNTRY CLUB AV JORGE ALVARE 1535 44610 Guadalajara ,20.7021029,-103.367393
DIVISION DEL NORTE,SILVINA REMBOA,3050,44230,Guadalajara,DIVISION DEL NORTE SILVINA REMBOA 3050 44230 Guadalajara ,20.7238915,-103.3364848
BOSQUES D L VICTORIA,PENINSULA,2713,44540,Guadalajara,BOSQUES D L VICTORIA PENINSULA 2713 44540 Guadalajara ,20.6463741,-103.3890559
OBLATOS,BATALLA DE IZUC,2508,44700,Guadalajara,OBLATOS BATALLA DE IZUC 2508 44700 Guadalajara ,20.6958496,-103.2980962
HUENTITAN EL BAJO,VOLCAN FUJIYAMA,4413,44250,Guadalajara,HUENTITAN EL BAJO VOLCAN FUJIYAMA 4413 44250 Guadalajara ,20.7390409,-103.3189799
HUENTITAN EL BAJO,VOLCAN VIRGEN,182,44250,Guadalajara,HUENTITAN EL BAJO VOLCAN VIRGEN 182 44250 Guadalajara ,20.7305287,-103.3169957
SAN VICENTE,PUERTO SOTO LA,2280,44330,Guadalajara,SAN VICENTE PUERTO SOTO LA 2280 44330 Guadalajara ,20.7021367,-103.3110864
MARAVILLA,SANTA JULIA,1334,44700,Guadalajara,MARAVILLA SANTA JULIA 1334 44700 Guadalajara ,20.6971899,-103.3050758
ZALATE II,OTILIO GONZALEZ,1116,44760,Guadalajara,ZALATE II OTILIO GONZALEZ 1116 44760 Guadalajara ,20.6793445,-103.2748488
RNDA DE PAZ,ALBANILES,543,44860,Guadalajara,RNDA DE PAZ ALBANILES 543 44860 Guadalajara ,20.6480281,-103.307817
LA CAMPESINA,JOSE MARIA SARM,1488,44769,Guadalajara,LA CAMPESINA JOSE MARIA SARM 1488 44769 Guadalajara ,20.682162,-103.2688117
AMERICANA,COLONIAS,221,44160,Guadalajara,AMERICANA COLONIAS 221 44160 Guadalajara ,20.6727444,-103.3658586
TRANSITO,AV CIRCUNVALANC,479,44298,Guadalajara,TRANSITO AV CIRCUNVALANC 479 44298 Guadalajara ,20.7007339,-103.338378
SAN ANDRES,CALLE B,165,44810,Guadalajara,SAN ANDRES CALLE B 165 44810 Guadalajara ,20.6651453,-103.2996761
JARDINES DEL NILO,MANUEL RIVERA C,2818,44860,Guadalajara,JARDINES DEL NILO MANUEL RIVERA C 2818 44860 Guadalajara ,20.6446505,-103.2885224
ECHEVERRIA,JOSE ROJO,958,44970,Guadalajara,ECHEVERRIA JOSE ROJO 958 44970 Guadalajara ,20.6222964,-103.3610115
U H EL SAUZ INF,JAIME TORRES B,3090,44987,Guadalajara,U H EL SAUZ INF JAIME TORRES B 3090 44987 Guadalajara ,20.6751707,-103.3473385
AYUNTAMIENTO,BERNARDO DE BAL,1170,44620,Guadalajara,AYUNTAMIENTO BERNARDO DE BAL 1170 44620 Guadalajara ,20.6935286,-103.371732
JARDINES DE STA ISAB,COMBATE DE SACR,228,44300,Guadalajara,JARDINES DE STA ISAB COMBATE DE SACR 228 44300 Guadalajara ,20.7146077,-103.3103647
PARQUE REVOLUCION,AV MIGUEL HIDAL,469,44100,Guadalajara,PARQUE REVOLUCION AV MIGUEL HIDAL 469 44100 Guadalajara ,20.6771079,-103.3492079
ZONA INDUSTRIAL SUR,CALLE 16,2526,44940,Guadalajara,ZONA INDUSTRIAL SUR CALLE 16 2526 44940 Guadalajara ,20.6380989,-103.3609312
VILLA VICENTE GUERRE,ISLA USTICA,3318,44860,Guadalajara,VILLA VICENTE GUERRE ISLA USTICA 3318 44860 Guadalajara ,20.6751707,-103.3473385
VALLARTA SAN JORGE,TUCIDIDES,156,44690,Guadalajara,VALLARTA SAN JORGE TUCIDIDES 156 44690 Guadalajara ,20.6755195,-103.3988528
OBLATOS PONIENTE,HDA LAS CRUCES,2158,44700,Guadalajara,OBLATOS PONIENTE HDA LAS CRUCES 2158 44700 Guadalajara ,20.6747187,-103.3255216
OBLATOS PONIENTE,HACIENDA LA PUR,2415,44700,Guadalajara,OBLATOS PONIENTE HACIENDA LA PUR 2415 44700 Guadalajara ,20.6958496,-103.2980962
MORELOS,CISNE,1332,44910,Guadalajara,MORELOS CISNE 1332 44910 Guadalajara ,20.6545123,-103.3592111
JARDINES DEL COUNTRY,ENRIQUE DIAZ DE,2336,44210,Guadalajara,JARDINES DEL COUNTRY ENRIQUE DIAZ DE 2336 44210 Guadalajara ,20.7070511,-103.3601728
TETLAN,AURELIA GUEVARA,3518,44820,Guadalajara,TETLAN AURELIA GUEVARA 3518 44820 Guadalajara ,20.6554278,-103.2889519
SAN CARLOS,LOS ANGELES,171,44460,Guadalajara,SAN CARLOS LOS ANGELES 171 44460 Guadalajara ,-37.4691768,-72.3610124
LOMAS DE POLANCO,JOSE CARRILLO,3528,44960,Guadalajara,LOMAS DE POLANCO JOSE CARRILLO 3528 44960 Guadalajara ,20.6307928,-103.3795393
VALLARTA SAN JORGE,EUCLIDES,3302,44690,Guadalajara,VALLARTA SAN JORGE EUCLIDES 3302 44690 Guadalajara ,20.6755195,-103.3988528
U H LAZARO CARDENAS,OTHON BLANCO CA,4087,44490,Guadalajara,U H LAZARO CARDENAS OTHON BLANCO CA 4087 44490 Guadalajara ,20.6751707,-103.3473385
BOSQUES D L VICTORIA,FAUNA,2765,44540,Guadalajara,BOSQUES D L VICTORIA FAUNA 2765 44540 Guadalajara ,20.6463741,-103.3890559
ECHEVERRIA,JOSE ARTEAGA,2985,44970,Guadalajara,ECHEVERRIA JOSE ARTEAGA 2985 44970 Guadalajara ,20.6256839,-103.3666996
5 DE MAYO,RAMON MARQUEZ,362,44970,Guadalajara,5 DE MAYO RAMON MARQUEZ 362 44970 Guadalajara ,20.6248572,-103.3530714
U. H. BENITO JUAREZ II,CREDITO,4049,44770,Guadalajara,U. H. BENITO JUAREZ II CREDITO 4049 44770 Guadalajara ,20.6727086,-103.2764487
INDEPENDENCIA,ROGELIO BACON,2280,44290,Guadalajara,INDEPENDENCIA ROGELIO BACON 2280 44290 Guadalajara ,20.7049193,-103.3331843
DIVISION DEL NORTE,BENEDICTO LOPEZ,399,44230,Guadalajara,DIVISION DEL NORTE BENEDICTO LOPEZ 399 44230 Guadalajara ,20.7233681,-103.3372547
HIGUERILLAS,MARIANO RODRIGU,2669,44470,Guadalajara,HIGUERILLAS MARIANO RODRIGU 2669 44470 Guadalajara ,20.6327983,-103.3489234
BARRANQUITAS,PINO SUAREZ,879,44270,Guadalajara,BARRANQUITAS PINO SUAREZ 879 44270 Guadalajara ,20.6902983,-103.3467196
ARANDAS,HACIENDA DEL CO,3363,44720,Guadalajara,ARANDAS HACIENDA DEL CO 3363 44720 Guadalajara ,20.6915829,-103.287272
HELIODORO HERNANDEZ,MIGUEL SANCHEZ,3789,44720,Guadalajara,HELIODORO HERNANDEZ MIGUEL SANCHEZ 3789 44720 Guadalajara ,20.6948636,-103.2781313
JARDINES DE LA CRUZ,AV ISALA RAZA,2460,44950,Guadalajara,JARDINES DE LA CRUZ AV ISALA RAZA 2460 44950 Guadalajara ,20.6349829,-103.3912074
DEL FRESNO,CIPRES,1738,44900,Guadalajara,DEL FRESNO CIPRES 1738 44900 Guadalajara ,20.6529805,-103.3693215
LADRON DE GUEVARA,AVENIDA AMERICA,620,44600,Guadalajara,LADRON DE GUEVARA AVENIDA AMERICA 620 44600 Guadalajara ,20.6769383,-103.3717253
FEDERALISMO,MONTE HIMALAYA,1416,44350,Guadalajara,FEDERALISMO MONTE HIMALAYA 1416 44350 Guadalajara ,20.6915679,-103.3171196
EL CARMEN,FRANCISCO MARCO,2616,44980,Guadalajara,EL CARMEN FRANCISCO MARCO 2616 44980 Guadalajara ,20.6178521,-103.3803903
U H ATLAS,RIO VOLGA,1386,44870,Guadalajara,U H ATLAS RIO VOLGA 1386 44870 Guadalajara ,20.6468582,-103.3269652
CANTARRANAS,MIGUEL BERNAL,3327,44829,Guadalajara,CANTARRANAS MIGUEL BERNAL 3327 44829 Guadalajara ,20.6588729,-103.2912788
TALPITA,SANTO TOMAS,1786,44719,Guadalajara,TALPITA SANTO TOMAS 1786 44719 Guadalajara ,20.6835307,-103.3103183
MIRAVALLE,MAURICIO CAMPOS,512,44990,Guadalajara,MIRAVALLE MAURICIO CAMPOS 512 44990 Guadalajara ,20.6095034,-103.3469693
LOMAS DE RIO VERDE,DEMOSTENES,3550,44720,Guadalajara,LOMAS DE RIO VERDE DEMOSTENES 3550 44720 Guadalajara ,20.685375,-103.2847818
BOSQUES D LA CANTERA,PRIV OPALO,17,44306,Guadalajara,BOSQUES D LA CANTERA PRIV OPALO 17 44306 Guadalajara ,20.7155528,-103.3156425
SAN RAFAEL,CARLOS GONZALEZ,280,44810,Guadalajara,SAN RAFAEL CARLOS GONZALEZ 280 44810 Guadalajara ,20.6570889,-103.2966814
JARDINES DE LA CRUZ,REYES CATOLICOS,2151,44950,Guadalajara,JARDINES DE LA CRUZ REYES CATOLICOS 2151 44950 Guadalajara ,20.6486223,-103.3785285
OBLATOS PONIENTE,HACIENDA LA GAV,3208,44700,Guadalajara,OBLATOS PONIENTE HACIENDA LA GAV 3208 44700 Guadalajara ,20.7026686,-103.2827224
SAN JUAN BOSCO,FELIX BERNARDEL,428,44730,Guadalajara,SAN JUAN BOSCO FELIX BERNARDEL 428 44730 Guadalajara ,20.6792166,-103.3146951
18 DE MARZO,NATIVIDAD MACIA,1326,44960,Guadalajara,18 DE MARZO NATIVIDAD MACIA 1326 44960 Guadalajara ,20.6333595,-103.369541
VALENTIN GOMEZ FARIA,JUAN DE DIOS CO,12,44977,Guadalajara,VALENTIN GOMEZ FARIA JUAN DE DIOS CO 12 44977 Guadalajara ,20.6656411,-103.3201324
U H EL ZALATE,JOSE FERNANDEZ,1123,44760,Guadalajara,U H EL ZALATE JOSE FERNANDEZ 1123 44760 Guadalajara ,20.6790639,-103.2732636
SAN ANDRES,AVELINO M PRESA,3335,44810,Guadalajara,SAN ANDRES AVELINO M PRESA 3335 44810 Guadalajara ,20.6611419,-103.2904612
LA ESPERANZA,IGUALDAD,186,44300,Guadalajara,LA ESPERANZA IGUALDAD 186 44300 Guadalajara ,20.7097772,-103.319574
LOMAS DE MIRAMAR,URANIO,31,45060,zapopan,LOMAS DE MIRAMAR URANIO 31 45060 zapopan ,20.6367367,-103.4653282
LA FLORESTA DEL COLLI,BOULEVARD PUERT,26,45116,zapopan,LA FLORESTA DEL COLLI BOULEVARD PUERT 26 45116 zapopan ,20.6467406,-103.4677957
EL FORTIN,ALAMO,1359,45066,zapopan,EL FORTIN ALAMO 1359 45066 zapopan ,20.6311593,-103.4835357
FRACC CUSPIDE,VALLE DE TESIST,198,45200,zapopan,FRACC CUSPIDE VALLE DE TESIST 198 45200 zapopan ,20.7959102,-103.4822055
VIGIA I,HERRADURA,242,45140,zapopan,VIGIA I HERRADURA 242 45140 zapopan ,20.7327359,-103.3937991
LOMAS DE MIRAMAR,PUERTO CHAMELA,314,45060,zapopan,LOMAS DE MIRAMAR PUERTO CHAMELA 314 45060 zapopan ,20.638003,-103.4611882
MIRAMAR,BAHIA MAGDALENA,5,45060,zapopan,MIRAMAR BAHIA MAGDALENA 5 45060 zapopan ,20.6407578,-103.4490409
LA MOJONERA,DE BARAJAS,425,45134,zapopan,LA MOJONERA DE BARAJAS 425 45134 zapopan ,20.76045,-103.4237244
VILLA FONTANA DIAMANTE,FUENTE BRILLANT,1730,45200,zapopan,VILLA FONTANA DIAMANTE FUENTE BRILLANT 1730 45200 zapopan ,20.7769516,-103.4712628
RESIDENCIAL TESISTAN,PARQUE MEXICANO,150,45200,zapopan,RESIDENCIAL TESISTAN PARQUE MEXICANO 150 45200 zapopan ,20.7990046,-103.4673951
RESIDENCIAL GUADALUP,MISION SAN PATR,350,45030,zapopan,RESIDENCIAL GUADALUP MISION SAN PATR 350 45030 zapopan ,20.655508,-103.4356686
LA FLORIDA,FLORAL,15,45234,zapopan,LA FLORIDA FLORAL 15 45234 zapopan ,20.5994925,-103.427324
BENITO JUAREZ,ADOLFO LOPEZ MA,4754,45199,zapopan,BENITO JUAREZ ADOLFO LOPEZ MA 4754 45199 zapopan ,20.7349255,-103.3399585
ALTAMIRA,AV AMERICA,580,45160,zapopan,ALTAMIRA AV AMERICA 580 45160 zapopan ,20.7167287,-103.3886995
PRADOS GUADALUPE,G ROSSINI,428,45030,zapopan,PRADOS GUADALUPE G ROSSINI 428 45030 zapopan ,20.6734682,-103.4204738
FRACC PALERMO,MARINA,204,45200,zapopan,FRACC PALERMO MARINA 204 45200 zapopan ,20.6719563,-103.416501
VALLE REAL,AV RAMON CORONA,2748,45019,zapopan,VALLE REAL AV RAMON CORONA 2748 45019 zapopan ,20.7350169,-103.4591247
VISTA HERMOSA,VISTA BONITA,739,45189,zapopan,VISTA HERMOSA VISTA BONITA 739 45189 zapopan ,20.7619353,-103.3337076
CANTEROS,PRIVADA CANTERO,1564,45190,zapopan,CANTEROS PRIVADA CANTERO 1564 45190 zapopan ,20.7284102,-103.3392366
COLINAS D LA PRIMAVE,CASCADA,147,45066,zapopan,COLINAS D LA PRIMAVE CASCADA 147 45066 zapopan ,20.6372165,-103.470043
CAMPO REAL,AV CAMPO REAL P,353,45134,zapopan,CAMPO REAL AV CAMPO REAL P 353 45134 zapopan ,20.7870322,-103.4423803
PARAISOS DEL COLLY,GALEANA,1068,45069,zapopan,PARAISOS DEL COLLY GALEANA 1068 45069 zapopan ,20.6508689,-103.4549679
VILLAS SAN IGNACIO,PRIV LUIS G MON,337,45180,zapopan,VILLAS SAN IGNACIO PRIV LUIS G MON 337 45180 zapopan ,20.7346756,-103.3710032
PASEOS DEL BRISE#O,PASEOS DE LOS I,1,45236,zapopan,PASEOS DEL BRISE#O PASEOS DE LOS I 1 45236 zapopan ,20.6237235,-103.4415559
VILLA UNIVESITARIA,AV PATRIA,1446,45110,zapopan,VILLA UNIVESITARIA AV PATRIA 1446 45110 zapopan ,20.697359,-103.4155674
JARDINES DEL VERGEL,JARDIN DE NARDO,1527,45180,zapopan,JARDINES DEL VERGEL JARDIN DE NARDO 1527 45180 zapopan ,20.7536599,-103.3710032
BUGAMBILIAS,PASEO DE LA VIC,4952,45238,zapopan,BUGAMBILIAS PASEO DE LA VIC 4952 45238 zapopan ,20.6024902,-103.4469054
UNIDAD JARDINES SEAT,JARDINES DE LOS,1233,45180,zapopan,UNIDAD JARDINES SEAT JARDINES DE LOS 1233 45180 zapopan ,20.7361467,-103.3527111
RINCONADA DL AUDITOR,ALBERTO CINTA,39,45180,zapopan,RINCONADA DL AUDITOR ALBERTO CINTA 39 45180 zapopan ,20.7367417,-103.3425667
VIRREYES RESIDENCIAL,AV NACIONES UNI,6904,45110,zapopan,VIRREYES RESIDENCIAL AV NACIONES UNI 6904 45110 zapopan ,20.6957903,-103.4428682
VILLA DE GUADALUPE II,PABLO HIPOLITO,45,45189,zapopan,VILLA DE GUADALUPE II PABLO HIPOLITO 45 45189 zapopan ,20.7578506,-103.3409918
CONJ LOMAS ALTAS,PASEO DEL ARCO,4098,45128,zapopan,CONJ LOMAS ALTAS PASEO DEL ARCO 4098 45128 zapopan ,20.6848788,-103.4100003
INDIGENA D MEZQUITAN,18 DE MARZO,409,45190,zapopan,INDIGENA D MEZQUITAN 18 DE MARZO 409 45190 zapopan ,20.7385176,-103.3320104
VALLE REAL,PASEO SAN ARTUR,685,45019,zapopan,VALLE REAL PASEO SAN ARTUR 685 45019 zapopan ,20.7241833,-103.4470178
CONDOMINIO MALAGA,AV CENTRAL,1351,45117,zapopan,CONDOMINIO MALAGA AV CENTRAL 1351 45117 zapopan ,20.6927846,-103.432489
SAN JUAN DE OCOTAN,MIGUEL MIRAMON,13,45019,zapopan,SAN JUAN DE OCOTAN MIGUEL MIRAMON 13 45019 zapopan ,20.7069491,-103.4540669
MESA DE LOS OCOTES,PASEO DE LOS PI,3153,45189,zapopan,MESA DE LOS OCOTES PASEO DE LOS PI 3153 45189 zapopan ,20.7632265,-103.3515091
LA HACIENDITA,SAN MARTIN,2341,45230,zapopan,LA HACIENDITA SAN MARTIN 2341 45230 zapopan ,20.614487,-103.4510511
LA FLORESTA DEL COLLI,BOULEVARD PUERT,5430,45116,zapopan,LA FLORESTA DEL COLLI BOULEVARD PUERT 5430 45116 zapopan ,20.6467406,-103.4677957
VILLAS SAN IGNACIO,PABLO QUIROGA,215,45180,zapopan,VILLAS SAN IGNACIO PABLO QUIROGA 215 45180 zapopan ,20.724594,-103.3668962
UNIDAD MEXICO,CDA QUERETARO,278,45120,zapopan,UNIDAD MEXICO CDA QUERETARO 278 45120 zapopan ,20.6804818,-103.403984
FRACC CUSPIDE,SAN MATEO 1155,27,45200,zapopan,FRACC CUSPIDE SAN MATEO 1155 27 45200 zapopan ,20.6719563,-103.416501
EJIDAL LOMA BONITA,PEDRO MORENO,3308,45085,zapopan,EJIDAL LOMA BONITA PEDRO MORENO 3308 45085 zapopan ,20.6719563,-103.416501
IXTLAHUACAN DEL RIO,HDA SAN MIGUEL,10,45260,zapopan,IXTLAHUACAN DEL RIO HDA SAN MIGUEL 10 45260 zapopan ,20.8692461,-103.2355005
LA MARTINICA,PASEO DE LOS AL,79,45185,zapopan,LA MARTINICA PASEO DE LOS AL 79 45185 zapopan ,20.7452389,-103.3666709
REAL DE VALDEPE?S,CALLE G 1470 TO,1470,45130,zapopan,REAL DE VALDEPE?S CALLE G 1470 TO 1470 45130 zapopan ,20.756436,-103.400611
CIUDAD GRANJA,CALZ DE LOS LA,164,45010,zapopan,CIUDAD GRANJA CALZ DE LOS LA 164 45010 zapopan ,20.6782083,-103.4482868
COLINAS DE ATEMAJAC,AV AURELIO ORTE,1176,45170,zapopan,COLINAS DE ATEMAJAC AV AURELIO ORTE 1176 45170 zapopan ,20.7185067,-103.3630608
ARENALES TAPATIOS,AV GUADALUPE,132,45066,zapopan,ARENALES TAPATIOS AV GUADALUPE 132 45066 zapopan ,20.6365725,-103.4603705
AGRICOLA,OBELISCO,138,45236,zapopan,AGRICOLA OBELISCO 138 45236 zapopan ,20.6166871,-103.4323929
SAN ISIDRO EJIDAL,NUEVO MEXICO,250,45147,zapopan,SAN ISIDRO EJIDAL NUEVO MEXICO 250 45147 zapopan ,20.7266188,-103.3981284
ALTAMIRA,AV AMERICA,580,45160,zapopan,ALTAMIRA AV AMERICA 580 45160 zapopan ,20.7167287,-103.3886995
RANCHO NUEVO,CELERINO NAVARR,4135,44240,zapopan,RANCHO NUEVO CELERINO NAVARR 4135 44240 zapopan ,20.7173252,-103.3226322
JARDINES D NVO MEXIC,SEXTA PTE,535,45138,zapopan,JARDINES D NVO MEXIC SEXTA PTE 535 45138 zapopan ,20.7693541,-103.453446
EL HUMEDO,RIO ACAPONETA,2,45200,zapopan,EL HUMEDO RIO ACAPONETA 2 45200 zapopan ,20.7949631,-103.4922431
HOGARES D NVO MEXICO,AV AVIACION,36,45138,zapopan,HOGARES D NVO MEXICO AV AVIACION 36 45138 zapopan ,20.7075909,-103.4584354
"FRACC, LOS MOLINOS",PLATA,70,45200,zapopan,"FRACC, LOS MOLINOS PLATA 70 45200 zapopan ",20.8193378,-103.4428879
RESID LAS ARBOLEDAS,AURORA BOREAL N,4170,45070,zapopan,RESID LAS ARBOLEDAS AURORA BOREAL N 4170 45070 zapopan ,20.6282613,-103.4283633
REAL DE VALDEPE?S,ALAMBIQUE,51,45130,zapopan,REAL DE VALDEPE?S ALAMBIQUE 51 45130 zapopan ,20.7561115,-103.4015168
"FRACC, LOS MOLINOS",CTO OBSIDIANA,39,45200,zapopan,"FRACC, LOS MOLINOS CTO OBSIDIANA 39 45200 zapopan ",20.8476181,-103.4219186
FRACC CUSPIDE,SENDA DEL OCOTE,22,45200,zapopan,FRACC CUSPIDE SENDA DEL OCOTE 22 45200 zapopan ,20.816668,-103.4838407
VICTOR HUGO,PRIVADA COLON,150,45190,zapopan,VICTOR HUGO PRIVADA COLON 150 45190 zapopan ,20.7212215,-103.3545682
RESIDENCIAL AZALEAS,SERVIDOR PUBLIC,1425,45230,zapopan,RESIDENCIAL AZALEAS SERVIDOR PUBLIC 1425 45230 zapopan ,20.6070191,-103.4478231
FRACC JARDINES DE BELEN,TORONJA,41,45200,zapopan,FRACC JARDINES DE BELEN TORONJA 41 45200 zapopan ,20.8127107,-103.482546
FRACC MIRADOR D SN I,AV INDUSTRIA TE,2030,45133,zapopan,FRACC MIRADOR D SN I AV INDUSTRIA TE 2030 45133 zapopan ,20.758156,-103.3867654
EL COLLY URBANO I,MELCHOR OCAMPO,1233,45070,zapopan,EL COLLY URBANO I MELCHOR OCAMPO 1233 45070 zapopan ,20.6448667,-103.4405716
PRADOS TEPEYAC,PRADO DE LAS GA,4468,45050,zapopan,PRADOS TEPEYAC PRADO DE LAS GA 4468 45050 zapopan ,20.6569105,-103.4128895
AGRICOLA,DALIA,138,45236,zapopan,AGRICOLA DALIA 138 45236 zapopan ,20.6164199,-103.4309929
EL COLLY URBANO I,VOLCAN VESUBIO,2321,45070,zapopan,EL COLLY URBANO I VOLCAN VESUBIO 2321 45070 zapopan ,20.6413488,-103.4276284
VALLE DE LOS MOLINOS,BERNA,75,45200,zapopan,VALLE DE LOS MOLINOS BERNA 75 45200 zapopan ,20.8557347,-103.4231866
FRACC HACIENDA LAS PALOMAS,CALLE DEL AGUA,365,45200,zapopan,FRACC HACIENDA LAS PALOMAS CALLE DEL AGUA 365 45200 zapopan ,20.8057349,-103.471439
VILLA FONTANA DIAMANTE,ARENISCA,1896,45200,zapopan,VILLA FONTANA DIAMANTE ARENISCA 1896 45200 zapopan ,20.7769516,-103.4712628
EJIDAL LOMA BONITA,PEDRO MORENO,3205,45085,zapopan,EJIDAL LOMA BONITA PEDRO MORENO 3205 45085 zapopan ,20.6719563,-103.416501
LOS ROBLES,CALLE LOS ROBLE,395,45134,zapopan,LOS ROBLES CALLE LOS ROBLE 395 45134 zapopan ,20.7634371,-103.4236247
INF LA TUZANIA,AND OYAMELES,1124,45138,zapopan,INF LA TUZANIA AND OYAMELES 1124 45138 zapopan ,20.7373175,-103.4153366
HDA SAN ISIDRO,LA VILLA,455,45147,zapopan,HDA SAN ISIDRO LA VILLA 455 45147 zapopan ,20.7303804,-103.3977222
LA ESTRADA,HIDALAGO,6,45200,zapopan,LA ESTRADA HIDALAGO 6 45200 zapopan ,20.7928023,-103.475746
MESA DE LOS OCOTES,BETABEL,23,45189,zapopan,MESA DE LOS OCOTES BETABEL 23 45189 zapopan ,20.765936,-103.3434788
COPALITA,AV AMARANTO,175,45200,zapopan,COPALITA AV AMARANTO 175 45200 zapopan ,20.8101768,-103.4544621
MESA COLORADA PTE,NABO,543,45189,zapopan,MESA COLORADA PTE NABO 543 45189 zapopan ,20.7630106,-103.346334
ARENALES TAPATIOS,CROMITA,69,45066,zapopan,ARENALES TAPATIOS CROMITA 69 45066 zapopan ,20.6333153,-103.4591793
MESA COLORADA PTE,ANAHUAC,52,45189,zapopan,MESA COLORADA PTE ANAHUAC 52 45189 zapopan ,20.7594341,-103.3371356
VILLA FONTANA DIAMANTE,AV JADE,86,45200,zapopan,VILLA FONTANA DIAMANTE AV JADE 86 45200 zapopan ,20.8076489,-103.4821394
VILLA FONTANA DIAMANTE,FUENTE GRAFITO,8884,45200,zapopan,VILLA FONTANA DIAMANTE FUENTE GRAFITO 8884 45200 zapopan ,20.7794945,-103.4746692
COLINAS DEL REY,AV TORREMOLINOS,3500,45130,zapopan,COLINAS DEL REY AV TORREMOLINOS 3500 45130 zapopan ,20.7529511,-103.4073257
RESIDENCIAL TESISTAN,AV SAN MATEO,1115,45200,zapopan,RESIDENCIAL TESISTAN AV SAN MATEO 1115 45200 zapopan ,20.7943588,-103.4682866
LAS AGUILAS,RIO TOMATLAN,800,45080,zapopan,LAS AGUILAS RIO TOMATLAN 800 45080 zapopan ,20.6259866,-103.4079802
TABACHINES,PASEO DE LOS CH,3040,45188,zapopan,TABACHINES PASEO DE LOS CH 3040 45188 zapopan ,20.7408232,-103.3687889
PASEOS DEL SOL,TOMAS BALCAZAR,5404,45079,zapopan,PASEOS DEL SOL TOMAS BALCAZAR 5404 45079 zapopan ,20.6371278,-103.4270208
FRACC LOS PINOS,AV COMPOSITORE,3850,45120,zapopan,FRACC LOS PINOS AV COMPOSITORE 3850 45120 zapopan ,20.6788618,-103.4074211
FRACC REAL DEL BOSQUE,CALLE CAMPO REA,371,45130,zapopan,FRACC REAL DEL BOSQUE CALLE CAMPO REA 371 45130 zapopan ,20.7553494,-103.3950919
VICENTE GUERRERO,C CEDROS,15,45134,zapopan,VICENTE GUERRERO C CEDROS 15 45134 zapopan ,20.7653798,-103.4385782
LOMAS DEL CENTINELA,PASEO DEL OLMO,328,45187,zapopan,LOMAS DEL CENTINELA PASEO DEL OLMO 328 45187 zapopan ,20.7553425,-103.3792621
LA PALMITA,MANUEL GONZALEZ,518,45180,zapopan,LA PALMITA MANUEL GONZALEZ 518 45180 zapopan ,20.7299998,-103.3587965
FRACC CUSPIDE,CAMINO AL POTRE,1200,45200,zapopan,FRACC CUSPIDE CAMINO AL POTRE 1200 45200 zapopan ,20.8103165,-103.489837
PRADOS TEPEYAC,PRADO DE LAS RO,308,45050,zapopan,PRADOS TEPEYAC PRADO DE LAS RO 308 45050 zapopan ,20.6825763,-103.4199659
BOSQUE ESCONDIDO,PASEO DE LOS AL,10,45180,zapopan,BOSQUE ESCONDIDO PASEO DE LOS AL 10 45180 zapopan ,20.7355316,-103.3554799
REAL DE VALDEPE?S,RINCONADA DEL C,1327,45130,zapopan,REAL DE VALDEPE?S RINCONADA DEL C 1327 45130 zapopan ,20.756436,-103.400611
SANTA ANA TEPETITLAN,HIDALGO,35,45230,zapopan,SANTA ANA TEPETITLAN HIDALGO 35 45230 zapopan ,20.6208879,-103.4560404
EL BRISE#O,CONSTELACION,7,45236,zapopan,EL BRISE#O CONSTELACION 7 45236 zapopan ,20.622525,-103.4358741
HDA SAN ISIDRO,EJIDO,570,45147,zapopan,HDA SAN ISIDRO EJIDO 570 45147 zapopan ,20.7311616,-103.398173
INF LA TUZANIA,AV DE LAS PALME,1246,45138,zapopan,INF LA TUZANIA AV DE LAS PALME 1246 45138 zapopan ,20.7344058,-103.4157483
LOMAS DE MIRAMAR,PUERTO TAMPICO,80,45060,zapopan,LOMAS DE MIRAMAR PUERTO TAMPICO 80 45060 zapopan ,20.6401759,-103.4491199
FRACC REAL DEL BOSQUE,BERROCAL,449,45130,zapopan,FRACC REAL DEL BOSQUE BERROCAL 449 45130 zapopan ,20.7553494,-103.3950919
TIERRA RESIDENCIAL,SAN MATEO,2010,45200,zapopan,TIERRA RESIDENCIAL SAN MATEO 2010 45200 zapopan ,20.8028183,-103.4708175
REAL DE TESISTAN,PRIVADA EMILIAN,28,45200,zapopan,REAL DE TESISTAN PRIVADA EMILIAN 28 45200 zapopan ,20.7985193,-103.4734073
CIUDAD DEL SOL,QUETZALCOATL,232,45050,zapopan,CIUDAD DEL SOL QUETZALCOATL 232 45050 zapopan ,20.6494332,-103.4073144
NUEVO MEXICO,6 DE ENERO,3239,45138,zapopan,NUEVO MEXICO 6 DE ENERO 3239 45138 zapopan ,20.7690198,-103.4539176
EL BATAN,ALCALDE,288,45190,zapopan,EL BATAN ALCALDE 288 45190 zapopan ,20.7208648,-103.3458239
VIGIA I,DEL CORRAL,604,45140,zapopan,VIGIA I DEL CORRAL 604 45140 zapopan ,20.7316505,-103.3952503
EL BRISE?,PASEO DE LA MAT,200,45236,zapopan,EL BRISE? PASEO DE LA MAT 200 45236 zapopan ,20.6193793,-103.4352826
PARQUES DE ZAPOPAN,OPALO,14,45138,zapopan,PARQUES DE ZAPOPAN OPALO 14 45138 zapopan ,20.747504,-103.4189965
ARENALES TAPATIOS,DIAMANTE,114,45066,zapopan,ARENALES TAPATIOS DIAMANTE 114 45066 zapopan ,20.6340227,-103.4564579
JARDINES DEL BOSQUE,PLACERES,806,44520,zapopan,JARDINES DEL BOSQUE PLACERES 806 44520 zapopan ,20.6652714,-103.3920469
EL ARENAL,CUAUHTEMOC,132,45350,zapopan,EL ARENAL CUAUHTEMOC 132 45350 zapopan ,20.7727234,-103.6980862
COLLY SITIO,ROMANA,6570,45036,zapopan,COLLY SITIO ROMANA 6570 45036 zapopan ,20.6539128,-103.4391923
LINDAVISTA,ALLENDE,216,45169,zapopan,LINDAVISTA ALLENDE 216 45169 zapopan ,20.7225403,-103.3986393
INF LA TUZANIA,CAPULINES,40,45138,zapopan,INF LA TUZANIA CAPULINES 40 45138 zapopan ,20.7318725,-103.4131699
EL ARENAL,PROLONGACION SA,43,45350,zapopan,EL ARENAL PROLONGACION SA 43 45350 zapopan ,20.775698,-103.6951543
SANTA FE,EMILIANO ZAPATA,574,45168,zapopan,SANTA FE EMILIANO ZAPATA 574 45168 zapopan ,20.7146168,-103.3916907
AGRICOLA,DALIA,138,45236,zapopan,AGRICOLA DALIA 138 45236 zapopan ,20.6164199,-103.4309929
EL ZAPOTE,TEZOZOMOC,4357,45050,zapopan,EL ZAPOTE TEZOZOMOC 4357 45050 zapopan ,20.6546308,-103.415381
MIGUEL HIDALGO,15 DE SEPTIEMBR,3017,45186,zapopan,MIGUEL HIDALGO 15 DE SEPTIEMBR 3017 45186 zapopan ,20.748824,-103.3408841
TABACHINES,PASEO DE LOS AV,3101,45188,zapopan,TABACHINES PASEO DE LOS AV 3101 45188 zapopan ,20.7408232,-103.3687889
REVOLUCION SEGUNDA SECCION,REVOLUCION,51,45200,zapopan,REVOLUCION SEGUNDA SECCION REVOLUCION 51 45200 zapopan ,20.8081774,-103.4910412
RESIDENC LA ESTANCIA,WOLFANG AMADEUS,5552,45030,zapopan,RESIDENC LA ESTANCIA WOLFANG AMADEUS 5552 45030 zapopan ,20.6694714,-103.4295033
NUEVO MEXICO,COPALITA,2711,45138,zapopan,NUEVO MEXICO COPALITA 2711 45138 zapopan ,20.7690198,-103.4539176
12 DE DICIEMBRE,TRUENO,260,45068,zapopan,12 DE DICIEMBRE TRUENO 260 45068 zapopan ,20.6496245,-103.4578259
REAL QUINTAS DEL VALLE,CIRCUITO REAL S,0,45138,zapopan,REAL QUINTAS DEL VALLE CIRCUITO REAL S 0 45138 zapopan ,20.7531188,-103.4361485
VISTA HERMOSA,AV VISTA HERMO,3763,45189,zapopan,VISTA HERMOSA AV VISTA HERMO 3763 45189 zapopan ,20.7617597,-103.3348175
JARDINES D NVO MEXIC,SEGUNDA NORTE,5699,45138,zapopan,JARDINES D NVO MEXIC SEGUNDA NORTE 5699 45138 zapopan ,20.7692654,-103.4473724
EL BATAN,ANDADOR AGUA AZ,44,45190,zapopan,EL BATAN ANDADOR AGUA AZ 44 45190 zapopan ,20.7221877,-103.3438725
DIVISION DL NTE ZAP,FRANCISCO VILLA,27,45180,zapopan,DIVISION DL NTE ZAP FRANCISCO VILLA 27 45180 zapopan ,20.7361467,-103.3527111
LOMAS DEL REFUGIO,AGUA PRIETA,111,45186,zapopan,LOMAS DEL REFUGIO AGUA PRIETA 111 45186 zapopan ,20.7411317,-103.3355912
LOMAS DL VALLE VI UN,CANCER,3992,45129,zapopan,LOMAS DL VALLE VI UN CANCER 3992 45129 zapopan ,20.6888135,-103.406389
MESA COLORADA PTE,DELLI,1825,45189,zapopan,MESA COLORADA PTE DELLI 1825 45189 zapopan ,20.7705003,-103.3479558
VILLA FONTANA DIAMANTE,AV LAS TORRES,1896,45200,zapopan,VILLA FONTANA DIAMANTE AV LAS TORRES 1896 45200 zapopan ,20.5966095,-103.4251395
REAL DE TESISTAN,PASEO DE LA ARB,176,45200,zapopan,REAL DE TESISTAN PASEO DE LA ARB 176 45200 zapopan ,20.7826297,-103.4722075
EL CENTINELA 2,HIDALGO,310,45187,zapopan,EL CENTINELA 2 HIDALGO 310 45187 zapopan ,20.7588184,-103.3796682
LA VENTA DEL ASTILLE,JILGEROS,33,45221,zapopan,LA VENTA DEL ASTILLE JILGEROS 33 45221 zapopan ,20.7321971,-103.5392887
LOMAS DE MIRAMAR,URANIO,31,45060,zapopan,LOMAS DE MIRAMAR URANIO 31 45060 zapopan ,20.6367367,-103.4653282
LA FLORESTA DEL COLLI,BOULEVARD PUERTO,26,45116,zapopan,LA FLORESTA DEL COLLI BOULEVARD PUERTO 26 45116 zapopan ,20.6467406,-103.4677957
EL FORTIN,ALAMO,1359,45066,zapopan,EL FORTIN ALAMO 1359 45066 zapopan ,20.6311593,-103.4835357
FRACC CUSPIDE,VALLE DE TESISTAN,198,45200,zapopan,FRACC CUSPIDE VALLE DE TESISTAN 198 45200 zapopan ,20.7959102,-103.4822055
VIGIA I,HERRADURA,242,45140,zapopan,VIGIA I HERRADURA 242 45140 zapopan ,20.7327359,-103.3937991
LOMAS DE MIRAMAR,PUERTO CHAMELA,314,45060,zapopan,LOMAS DE MIRAMAR PUERTO CHAMELA 314 45060 zapopan ,20.638003,-103.4611882
MIRAMAR,BAHIA MAGDALENA,5,45060,zapopan,MIRAMAR BAHIA MAGDALENA 5 45060 zapopan ,20.6407578,-103.4490409
LA MOJONERA,DE BARAJAS,425,45134,zapopan,LA MOJONERA DE BARAJAS 425 45134 zapopan ,20.76045,-103.4237244
VILLA FONTANA DIAMANTE,FUENTE BRILLANT,1730,45200,zapopan,VILLA FONTANA DIAMANTE FUENTE BRILLANT 1730 45200 zapopan ,20.7769516,-103.4712628
RESIDENCIAL TESISTAN,PARQUE MEXICANO,150,45200,zapopan,RESIDENCIAL TESISTAN PARQUE MEXICANO 150 45200 zapopan ,20.7990046,-103.4673951
RESIDENCIAL GUADALUP,MISION SAN PATR,350,45030,zapopan,RESIDENCIAL GUADALUP MISION SAN PATR 350 45030 zapopan ,20.655508,-103.4356686
LA FLORIDA,FLORAL,15,45234,zapopan,LA FLORIDA FLORAL 15 45234 zapopan ,20.5994925,-103.427324
BENITO JUAREZ,ADOLFO LOPEZ MA,4754,45199,zapopan,BENITO JUAREZ ADOLFO LOPEZ MA 4754 45199 zapopan ,20.7349255,-103.3399585
ALTAMIRA,AV AMERICA,580,45160,zapopan,ALTAMIRA AV AMERICA 580 45160 zapopan ,20.7167287,-103.3886995
PRADOS GUADALUPE,G ROSSINI,428,45030,zapopan,PRADOS GUADALUPE G ROSSINI 428 45030 zapopan ,20.6734682,-103.4204738
FRACC PALERMO,MARINA,204,45200,zapopan,FRACC PALERMO MARINA 204 45200 zapopan ,20.6719563,-103.416501
VALLE REAL,AV RAMON CORONA,2748,45019,zapopan,VALLE REAL AV RAMON CORONA 2748 45019 zapopan ,20.7350169,-103.4591247
VISTA HERMOSA,VISTA BONITA,739,45189,zapopan,VISTA HERMOSA VISTA BONITA 739 45189 zapopan ,20.7619353,-103.3337076
CANTEROS,PRIVADA CANTERO,1564,45190,zapopan,CANTEROS PRIVADA CANTERO 1564 45190 zapopan ,20.7284102,-103.3392366
COLINAS D LA PRIMAVE,CASCADA,147,45066,zapopan,COLINAS D LA PRIMAVE CASCADA 147 45066 zapopan ,20.6372165,-103.470043
CAMPO REAL,AV CAMPO REAL P,353,45134,zapopan,CAMPO REAL AV CAMPO REAL P 353 45134 zapopan ,20.7870322,-103.4423803
PARAISOS DEL COLLY,GALEANA,1068,45069,zapopan,PARAISOS DEL COLLY GALEANA 1068 45069 zapopan ,20.6508689,-103.4549679
VILLAS SAN IGNACIO,PRIV LUIS G MON,337,45180,zapopan,VILLAS SAN IGNACIO PRIV LUIS G MON 337 45180 zapopan ,20.7346756,-103.3710032
PASEOS DEL BRISE#O,PASEOS DE LOS I,1,45236,zapopan,PASEOS DEL BRISE#O PASEOS DE LOS I 1 45236 zapopan ,20.6237235,-103.4415559
VILLA UNIVESITARIA,AV PATRIA,1446,45110,zapopan,VILLA UNIVESITARIA AV PATRIA 1446 45110 zapopan ,20.697359,-103.4155674
JARDINES DEL VERGEL,JARDIN DE NARDO,1527,45180,zapopan,JARDINES DEL VERGEL JARDIN DE NARDO 1527 45180 zapopan ,20.7536599,-103.3710032
BUGAMBILIAS,PASEO DE LA VIC,4952,45238,zapopan,BUGAMBILIAS PASEO DE LA VIC 4952 45238 zapopan ,20.6024902,-103.4469054
UNIDAD JARDINES SEAT,JARDINES DE LOS,1233,45180,zapopan,UNIDAD JARDINES SEAT JARDINES DE LOS 1233 45180 zapopan ,20.7361467,-103.3527111
RINCONADA DL AUDITOR,ALBERTO CINTA,39,45180,zapopan,RINCONADA DL AUDITOR ALBERTO CINTA 39 45180 zapopan ,20.7367417,-103.3425667
VIRREYES RESIDENCIAL,AV NACIONES UNI,6904,45110,zapopan,VIRREYES RESIDENCIAL AV NACIONES UNI 6904 45110 zapopan ,20.6957903,-103.4428682
VILLA DE GUADALUPE II,PABLO HIPOLITO,45,45189,zapopan,VILLA DE GUADALUPE II PABLO HIPOLITO 45 45189 zapopan ,20.7578506,-103.3409918
CONJ LOMAS ALTAS,PASEO DEL ARCO,4098,45128,zapopan,CONJ LOMAS ALTAS PASEO DEL ARCO 4098 45128 zapopan ,20.6848788,-103.4100003
INDIGENA D MEZQUITAN,18 DE MARZO,409,45190,zapopan,INDIGENA D MEZQUITAN 18 DE MARZO 409 45190 zapopan ,20.7385176,-103.3320104
VALLE REAL,PASEO SAN ARTUR,685,45019,zapopan,VALLE REAL PASEO SAN ARTUR 685 45019 zapopan ,20.7241833,-103.4470178
CONDOMINIO MALAGA,AV CENTRAL,1351,45117,zapopan,CONDOMINIO MALAGA AV CENTRAL 1351 45117 zapopan ,20.6927846,-103.432489
SAN JUAN DE OCOTAN,MIGUEL MIRAMON,13,45019,zapopan,SAN JUAN DE OCOTAN MIGUEL MIRAMON 13 45019 zapopan ,20.7069491,-103.4540669
MESA DE LOS OCOTES,PASEO DE LOS PI,3153,45189,zapopan,MESA DE LOS OCOTES PASEO DE LOS PI 3153 45189 zapopan ,20.7632265,-103.3515091
LA HACIENDITA,SAN MARTIN,2341,45230,zapopan,LA HACIENDITA SAN MARTIN 2341 45230 zapopan ,20.614487,-103.4510511
LA FLORESTA DEL COLLI,BOULEVARD PUERT,5430,45116,zapopan,LA FLORESTA DEL COLLI BOULEVARD PUERT 5430 45116 zapopan ,20.6467406,-103.4677957
VILLAS SAN IGNACIO,PABLO QUIROGA,215,45180,zapopan,VILLAS SAN IGNACIO PABLO QUIROGA 215 45180 zapopan ,20.724594,-103.3668962
UNIDAD MEXICO,CDA QUERETARO,278,45120,zapopan,UNIDAD MEXICO CDA QUERETARO 278 45120 zapopan ,20.6804818,-103.403984
FRACC CUSPIDE,SAN MATEO 1155,27,45200,zapopan,FRACC CUSPIDE SAN MATEO 1155 27 45200 zapopan ,20.6719563,-103.416501
EJIDAL LOMA BONITA,PEDRO MORENO,3308,45085,zapopan,EJIDAL LOMA BONITA PEDRO MORENO 3308 45085 zapopan ,20.6719563,-103.416501
IXTLAHUACAN DEL RIO,HDA SAN MIGUEL,10,45260,zapopan,IXTLAHUACAN DEL RIO HDA SAN MIGUEL 10 45260 zapopan ,20.8692461,-103.2355005
LA MARTINICA,PASEO DE LOS AL,79,45185,zapopan,LA MARTINICA PASEO DE LOS AL 79 45185 zapopan ,20.7452389,-103.3666709
REAL DE VALDEPE?S,CALLE G 1470 TO,1470,45130,zapopan,REAL DE VALDEPE?S CALLE G 1470 TO 1470 45130 zapopan ,20.756436,-103.400611
CIUDAD GRANJA,CALZ DE LOS LA,164,45010,zapopan,CIUDAD GRANJA CALZ DE LOS LA 164 45010 zapopan ,20.6782083,-103.4482868
COLINAS DE ATEMAJAC,AV AURELIO ORTE,1176,45170,zapopan,COLINAS DE ATEMAJAC AV AURELIO ORTE 1176 45170 zapopan ,20.7185067,-103.3630608
ARENALES TAPATIOS,AV GUADALUPE,132,45066,zapopan,ARENALES TAPATIOS AV GUADALUPE 132 45066 zapopan ,20.6365725,-103.4603705
AGRICOLA,OBELISCO,138,45236,zapopan,AGRICOLA OBELISCO 138 45236 zapopan ,20.6166871,-103.4323929
SAN ISIDRO EJIDAL,NUEVO MEXICO,250,45147,zapopan,SAN ISIDRO EJIDAL NUEVO MEXICO 250 45147 zapopan ,20.7266188,-103.3981284
ALTAMIRA,AV AMERICA,580,45160,zapopan,ALTAMIRA AV AMERICA 580 45160 zapopan ,20.7167287,-103.3886995
RANCHO NUEVO,CELERINO NAVARR,4135,44240,zapopan,RANCHO NUEVO CELERINO NAVARR 4135 44240 zapopan ,20.7173252,-103.3226322
JARDINES D NVO MEXIC,SEXTA PTE,535,45138,zapopan,JARDINES D NVO MEXIC SEXTA PTE 535 45138 zapopan ,20.7693541,-103.453446
EL HUMEDO,RIO ACAPONETA,2,45200,zapopan,EL HUMEDO RIO ACAPONETA 2 45200 zapopan ,20.7949631,-103.4922431
HOGARES D NVO MEXICO,AV AVIACION,36,45138,zapopan,HOGARES D NVO MEXICO AV AVIACION 36 45138 zapopan ,20.7075909,-103.4584354
"FRACC, LOS MOLINOS",PLATA,70,45200,zapopan,"FRACC, LOS MOLINOS PLATA 70 45200 zapopan ",20.8193378,-103.4428879
RESID LAS ARBOLEDAS,AURORA BOREAL N,4170,45070,zapopan,RESID LAS ARBOLEDAS AURORA BOREAL N 4170 45070 zapopan ,20.6282613,-103.4283633
REAL DE VALDEPE?S,ALAMBIQUE,51,45130,zapopan,REAL DE VALDEPE?S ALAMBIQUE 51 45130 zapopan ,20.7561115,-103.4015168
"FRACC, LOS MOLINOS",CTO OBSIDIANA,39,45200,zapopan,"FRACC, LOS MOLINOS CTO OBSIDIANA 39 45200 zapopan ",20.8476181,-103.4219186
FRACC CUSPIDE,SENDA DEL OCOTE,22,45200,zapopan,FRACC CUSPIDE SENDA DEL OCOTE 22 45200 zapopan ,20.816668,-103.4838407
VICTOR HUGO,PRIVADA COLON,150,45190,zapopan,VICTOR HUGO PRIVADA COLON 150 45190 zapopan ,20.7212215,-103.3545682
RESIDENCIAL AZALEAS,SERVIDOR PUBLIC,1425,45230,zapopan,RESIDENCIAL AZALEAS SERVIDOR PUBLIC 1425 45230 zapopan ,20.6070191,-103.4478231
FRACC JARDINES DE BELEN,TORONJA,41,45200,zapopan,FRACC JARDINES DE BELEN TORONJA 41 45200 zapopan ,20.8127107,-103.482546
FRACC MIRADOR D SN I,AV INDUSTRIA TE,2030,45133,zapopan,FRACC MIRADOR D SN I AV INDUSTRIA TE 2030 45133 zapopan ,20.758156,-103.3867654
EL COLLY URBANO I,MELCHOR OCAMPO,1233,45070,zapopan,EL COLLY URBANO I MELCHOR OCAMPO 1233 45070 zapopan ,20.6448667,-103.4405716
PRADOS TEPEYAC,PRADO DE LAS GA,4468,45050,zapopan,PRADOS TEPEYAC PRADO DE LAS GA 4468 45050 zapopan ,20.6569105,-103.4128895
AGRICOLA,DALIA,138,45236,zapopan,AGRICOLA DALIA 138 45236 zapopan ,20.6164199,-103.4309929
EL COLLY URBANO I,VOLCAN VESUBIO,2321,45070,zapopan,EL COLLY URBANO I VOLCAN VESUBIO 2321 45070 zapopan ,20.6413488,-103.4276284
VALLE DE LOS MOLINOS,BERNA,75,45200,Jalisco,VALLE DE LOS MOLINOS BERNA 75 45200 Jalisco ,20.8557347,-103.4231866
FRACC HACIENDA LAS PALOMAS,CALLE DEL AGUA,365,45200,Jalisco,FRACC HACIENDA LAS PALOMAS CALLE DEL AGUA 365 45200 Jalisco ,20.8057349,-103.471439
VILLA FONTANA DIAMANTE,ARENISCA,1896,45200,Jalisco,VILLA FONTANA DIAMANTE ARENISCA 1896 45200 Jalisco ,20.7769516,-103.4712628
EJIDAL LOMA BONITA,PEDRO MORENO,3205,45085,Jalisco,EJIDAL LOMA BONITA PEDRO MORENO 3205 45085 Jalisco ,20.6306388,-103.4035
LOS ROBLES,CALLE LOS ROBLE,395,45134,Jalisco,LOS ROBLES CALLE LOS ROBLE 395 45134 Jalisco ,20.7877231,-103.4670687
INF LA TUZANIA,AND OYAMELES,1124,45138,Jalisco,INF LA TUZANIA AND OYAMELES 1124 45138 Jalisco ,20.7373175,-103.4153366
HDA SAN ISIDRO,LA VILLA,455,45147,Jalisco,HDA SAN ISIDRO LA VILLA 455 45147 Jalisco ,20.6595382,-103.3494376
LA ESTRADA,HIDALAGO,6,45200,Jalisco,LA ESTRADA HIDALAGO 6 45200 Jalisco ,20.7928023,-103.475746
MESA DE LOS OCOTES,BETABEL,23,45189,Jalisco,MESA DE LOS OCOTES BETABEL 23 45189 Jalisco ,20.7648873,-103.3436785
COPALITA,AV AMARANTO,175,45200,Jalisco,COPALITA AV AMARANTO 175 45200 Jalisco ,20.8101768,-103.4544621
MESA COLORADA PTE,NABO,543,45189,Jalisco,MESA COLORADA PTE NABO 543 45189 Jalisco ,20.7630106,-103.346334
ARENALES TAPATIOS,CROMITA,69,45066,Jalisco,ARENALES TAPATIOS CROMITA 69 45066 Jalisco ,20.6333153,-103.4591793
MESA COLORADA PTE,ANAHUAC,52,45189,Jalisco,MESA COLORADA PTE ANAHUAC 52 45189 Jalisco ,20.7594341,-103.3371356
VILLA FONTANA DIAMANTE,AV JADE,86,45200,Jalisco,VILLA FONTANA DIAMANTE AV JADE 86 45200 Jalisco ,20.7769516,-103.4712628
VILLA FONTANA DIAMANTE,FUENTE GRAFITO,8884,45200,Jalisco,VILLA FONTANA DIAMANTE FUENTE GRAFITO 8884 45200 Jalisco ,20.7794945,-103.4746692
COLINAS DEL REY,AV TORREMOLINOS,3500,45130,Jalisco,COLINAS DEL REY AV TORREMOLINOS 3500 45130 Jalisco ,20.7529511,-103.4073257
RESIDENCIAL TESISTAN,AV SAN MATEO,1115,45200,Jalisco,RESIDENCIAL TESISTAN AV SAN MATEO 1115 45200 Jalisco ,20.7943588,-103.4682866
LAS AGUILAS,RIO TOMATLAN,800,45080,Jalisco,LAS AGUILAS RIO TOMATLAN 800 45080 Jalisco ,20.6259866,-103.4079802
TABACHINES,PASEO DE LOS CH,3040,45188,Jalisco,TABACHINES PASEO DE LOS CH 3040 45188 Jalisco ,20.7408232,-103.3687889
PASEOS DEL SOL,TOMAS BALCAZAR,5404,45079,Jalisco,PASEOS DEL SOL TOMAS BALCAZAR 5404 45079 Jalisco ,20.6371278,-103.4270208
FRACC LOS PINOS,AV COMPOSITORE,3850,45120,Jalisco,FRACC LOS PINOS AV COMPOSITORE 3850 45120 Jalisco ,20.6788618,-103.4074211
FRACC REAL DEL BOSQUE,CALLE CAMPO REA,371,45130,Jalisco,FRACC REAL DEL BOSQUE CALLE CAMPO REA 371 45130 Jalisco ,20.6595382,-103.3494376
VICENTE GUERRERO,C CEDROS,15,45134,Jalisco,VICENTE GUERRERO C CEDROS 15 45134 Jalisco ,20.7653798,-103.4385782
LOMAS DEL CENTINELA,PASEO DEL OLMO,328,45187,Jalisco,LOMAS DEL CENTINELA PASEO DEL OLMO 328 45187 Jalisco ,20.7553425,-103.3792621
LA PALMITA,MANUEL GONZALEZ,518,45180,Jalisco,LA PALMITA MANUEL GONZALEZ 518 45180 Jalisco ,20.7299998,-103.3587965
FRACC CUSPIDE,CAMINO AL POTRE,1200,45200,Jalisco,FRACC CUSPIDE CAMINO AL POTRE 1200 45200 Jalisco ,20.8103165,-103.489837
PRADOS TEPEYAC,PRADO DE LAS RO,308,45050,Jalisco,PRADOS TEPEYAC PRADO DE LAS RO 308 45050 Jalisco ,20.6825763,-103.4199659
BOSQUE ESCONDIDO,PASEO DE LOS AL,10,45180,Jalisco,BOSQUE ESCONDIDO PASEO DE LOS AL 10 45180 Jalisco ,20.7355316,-103.3554799
REAL DE VALDEPE?S,RINCONADA DEL C,1327,45130,Jalisco,REAL DE VALDEPE?S RINCONADA DEL C 1327 45130 Jalisco ,20.756436,-103.400611
SANTA ANA TEPETITLAN,HIDALGO,35,45230,Jalisco,SANTA ANA TEPETITLAN HIDALGO 35 45230 Jalisco ,20.6208879,-103.4560404
EL BRISE#O,CONSTELACION,7,45236,Jalisco,EL BRISE#O CONSTELACION 7 45236 Jalisco ,20.622525,-103.4358741
HDA SAN ISIDRO,EJIDO,570,45147,Jalisco,HDA SAN ISIDRO EJIDO 570 45147 Jalisco ,20.6595382,-103.3494376
INF LA TUZANIA,AV DE LAS PALME,1246,45138,Jalisco,INF LA TUZANIA AV DE LAS PALME 1246 45138 Jalisco ,20.7344058,-103.4157483
LOMAS DE MIRAMAR,PUERTO TAMPICO,80,45060,Jalisco,LOMAS DE MIRAMAR PUERTO TAMPICO 80 45060 Jalisco ,20.6401759,-103.4491199
FRACC REAL DEL BOSQUE,BERROCAL,449,45130,Jalisco,FRACC REAL DEL BOSQUE BERROCAL 449 45130 Jalisco ,20.7553494,-103.3950919
TIERRA RESIDENCIAL,SAN MATEO,2010,45200,Jalisco,TIERRA RESIDENCIAL SAN MATEO 2010 45200 Jalisco ,20.8028183,-103.4708175
REAL DE TESISTAN,PRIVADA EMILIAN,28,45200,Jalisco,REAL DE TESISTAN PRIVADA EMILIAN 28 45200 Jalisco ,20.7985193,-103.4734073
CIUDAD DEL SOL,QUETZALCOATL,232,45050,Jalisco,CIUDAD DEL SOL QUETZALCOATL 232 45050 Jalisco ,20.6494332,-103.4073144
NUEVO MEXICO,6 DE ENERO,3239,45138,Jalisco,NUEVO MEXICO 6 DE ENERO 3239 45138 Jalisco ,20.7483121,-103.4295033
EL BATAN,ALCALDE,288,45190,Jalisco,EL BATAN ALCALDE 288 45190 Jalisco ,20.7221151,-103.3450117
VIGIA I,DEL CORRAL,604,45140,Jalisco,VIGIA I DEL CORRAL 604 45140 Jalisco ,20.7316505,-103.3952503
EL BRISE?,PASEO DE LA MAT,200,45236,Jalisco,EL BRISE? PASEO DE LA MAT 200 45236 Jalisco ,20.6595382,-103.3494376
PARQUES DE ZAPOPAN,OPALO,14,45138,Jalisco,PARQUES DE ZAPOPAN OPALO 14 45138 Jalisco ,20.747504,-103.4189965
ARENALES TAPATIOS,DIAMANTE,114,45066,Jalisco,ARENALES TAPATIOS DIAMANTE 114 45066 Jalisco ,20.6340227,-103.4564579
JARDINES DEL BOSQUE,PLACERES,806,44520,Jalisco,JARDINES DEL BOSQUE PLACERES 806 44520 Jalisco ,20.6652714,-103.3920469
EL ARENAL,CUAUHTEMOC,132,45350,Jalisco,EL ARENAL CUAUHTEMOC 132 45350 Jalisco ,20.7727234,-103.6980862
COLLY SITIO,ROMANA,6570,45036,Jalisco,COLLY SITIO ROMANA 6570 45036 Jalisco ,20.6539128,-103.4391923
LINDAVISTA,ALLENDE,216,45169,Jalisco,LINDAVISTA ALLENDE 216 45169 Jalisco ,20.7217034,-103.3987449
INF LA TUZANIA,CAPULINES,40,45138,Jalisco,INF LA TUZANIA CAPULINES 40 45138 Jalisco ,20.7318725,-103.4131699
EL ARENAL,PROLONGACION SA,43,45350,Jalisco,EL ARENAL PROLONGACION SA 43 45350 Jalisco ,20.775698,-103.6951543
SANTA FE,EMILIANO ZAPATA,574,45168,Jalisco,SANTA FE EMILIANO ZAPATA 574 45168 Jalisco ,20.7154469,-103.3926668
AGRICOLA,DALIA,138,45236,Jalisco,AGRICOLA DALIA 138 45236 Jalisco ,20.6164199,-103.4309929
EL ZAPOTE,TEZOZOMOC,4357,45050,Jalisco,EL ZAPOTE TEZOZOMOC 4357 45050 Jalisco ,20.6546308,-103.415381
MIGUEL HIDALGO,15 DE SEPTIEMBR,3017,45186,Jalisco,MIGUEL HIDALGO 15 DE SEPTIEMBR 3017 45186 Jalisco ,20.748824,-103.3408841
TABACHINES,PASEO DE LOS AV,3101,45188,Jalisco,TABACHINES PASEO DE LOS AV 3101 45188 Jalisco ,20.7408232,-103.3687889
REVOLUCION SEGUNDA SECCION,REVOLUCION,51,45200,Jalisco,REVOLUCION SEGUNDA SECCION REVOLUCION 51 45200 Jalisco ,20.8081774,-103.4910412
RESIDENC LA ESTANCIA,WOLFANG AMADEUS,5552,45030,Jalisco,RESIDENC LA ESTANCIA WOLFANG AMADEUS 5552 45030 Jalisco ,20.6694714,-103.4295033
NUEVO MEXICO,COPALITA,2711,45138,Jalisco,NUEVO MEXICO COPALITA 2711 45138 Jalisco ,20.7483121,-103.4295033
12 DE DICIEMBRE,TRUENO,260,45068,Jalisco,12 DE DICIEMBRE TRUENO 260 45068 Jalisco ,20.6496245,-103.4578259
REAL QUINTAS DEL VALLE,CIRCUITO REAL S,0,45138,Jalisco,REAL QUINTAS DEL VALLE CIRCUITO REAL S 0 45138 Jalisco ,20.7531188,-103.4361485
VISTA HERMOSA,AV VISTA HERMO,3763,45189,Jalisco,VISTA HERMOSA AV VISTA HERMO 3763 45189 Jalisco ,20.7617597,-103.3348175
JARDINES D NVO MEXIC,SEGUNDA NORTE,5699,45138,Jalisco,JARDINES D NVO MEXIC SEGUNDA NORTE 5699 45138 Jalisco ,20.7692654,-103.4473724
EL BATAN,ANDADOR AGUA AZ,44,45190,Jalisco,EL BATAN ANDADOR AGUA AZ 44 45190 Jalisco ,20.7221877,-103.3438725
DIVISION DL NTE ZAP,FRANCISCO VILLA,27,45180,Jalisco,DIVISION DL NTE ZAP FRANCISCO VILLA 27 45180 Jalisco ,20.7361467,-103.3527111
LOMAS DEL REFUGIO,AGUA PRIETA,111,45186,Jalisco,LOMAS DEL REFUGIO AGUA PRIETA 111 45186 Jalisco ,20.7411317,-103.3355912
LOMAS DL VALLE VI UN,CANCER,3992,45129,Jalisco,LOMAS DL VALLE VI UN CANCER 3992 45129 Jalisco ,20.6888135,-103.406389
MESA COLORADA PTE,DELLI,1825,45189,Jalisco,MESA COLORADA PTE DELLI 1825 45189 Jalisco ,20.7705003,-103.3479558
VILLA FONTANA DIAMANTE,AV LAS TORRES,1896,45200,Jalisco,VILLA FONTANA DIAMANTE AV LAS TORRES 1896 45200 Jalisco ,20.7769516,-103.4712628
REAL DE TESISTAN,PASEO DE LA ARB,176,45200,Jalisco,REAL DE TESISTAN PASEO DE LA ARB 176 45200 Jalisco ,20.7826297,-103.4722075
EL CENTINELA 2,HIDALGO,310,45187,Jalisco,EL CENTINELA 2 HIDALGO 310 45187 Jalisco ,20.7588184,-103.3796682
LA VENTA DEL ASTILLE,JILGEROS,33,45221,Jalisco,LA VENTA DEL ASTILLE JILGEROS 33 45221 Jalisco ,20.7321971,-103.5392887